Prueba0,fFe7fSuW
Prueba1,Q6W56JHQ
Prueba2,Vc7D6mpR
Prueba3,zunmNmu6
Prueba4,MVvG4vtC
Prueba5,4xYvdH8M
Prueba6,r8JVVMFd
Prueba7,YV4YSwZD
Prueba8,tb2RinGK
Prueba9,fy7nFFMr
Prueba10,KWnTUrp4
Prueba11,ugfjDCSx
Prueba12,s9Bhtsae
Prueba13,jfJKR8GX
Prueba14,fN7kmu2z
Prueba15,RpWqZHnN
Prueba16,YBJSQQFj
Prueba17,eUSN26KH
Prueba18,RPasEHR6
Prueba19,996g2v9t
Prueba20,bhY8fsdh
Prueba21,aXaCzYM7
Prueba22,NYcAz3nR
Prueba23,nDZhqhhW
Prueba24,2h2ikxY8
Prueba25,4HpkB6A5
Prueba26,VtGyGWHa
Prueba27,amYGpesX
Prueba28,AkvT2gDZ
Prueba29,f8zz7s5Q
Prueba30,6hBTtbnA
Prueba31,SMEWAxK4
Prueba32,d5MGEp7M
Prueba33,M3WCXVPy
Prueba34,sCFszHAe
Prueba35,JVm6fqc3
Prueba36,9fyugYWc
Prueba37,d4H9MzTv
Prueba38,yTNGbj7R
Prueba39,Btny2mkr
Prueba40,cwjmBXyD
Prueba41,ifEznuWz
Prueba42,549BRBR6
Prueba43,AEGM2Y34
Prueba44,ZkrBhCfs
Prueba45,CByrXewT
Prueba46,sEgjyZRZ
Prueba47,CXpK4jYF
Prueba48,8NcqmQ5W
Prueba49,sqTTqGbw
Prueba50,E6D8mX46
Prueba51,TS4b8P3J
Prueba52,N87mt44x
Prueba53,j5Bgv4Ph
Prueba54,HPWYir5m
Prueba55,wy7F8Xid
Prueba56,avwW7ZCf
Prueba57,BsVpxBFJ
Prueba58,FNyxC9iY
Prueba59,8BjkVvz6
Prueba60,35FPkMQF
Prueba61,HcVWdqvS
Prueba62,MpcqEnBP
Prueba63,GrUDyEYH
Prueba64,fx5z6Qs8
Prueba65,RY7wpGVp
Prueba66,9pPtvnrJ
Prueba67,Q82kiqgM
Prueba68,qUikxPS2
Prueba69,99NCtWym
Prueba70,Grdg5ZDy
Prueba71,p7wYAPjf
Prueba72,4hukCYvN
Prueba73,ah4YpRWP
Prueba74,J7A3TTNY
Prueba75,Mm2hE3Mn
Prueba76,YHjqvrAZ
Prueba77,BavKJwPv
Prueba78,CWXPzrRJ
Prueba79,4x2gHnxg
Prueba80,BMWDDwGk
Prueba81,cqXrEZW6
Prueba82,bK6hSGzD
Prueba83,4XdEmbhN
Prueba84,kR4QMwqF
Prueba85,RSY3XJi7
Prueba86,Gdse9sQZ
Prueba87,VZZ6zbfP
Prueba88,Dt4PTXVF
Prueba89,aaDtJcBG
Prueba90,qJa4jA2R
Prueba91,R23s9HyA
Prueba92,sipE82EK
Prueba93,K8NamYNP
Prueba94,Skkccg5Y
Prueba95,CVjACA9h
Prueba96,SYKau3Wn
Prueba97,xZxKSwi8
Prueba98,n4wmgQmZ
Prueba99,ScQMPpeA