PruebaOneTime0,chftaMPz
PruebaOneTime1,JchaT74M
PruebaOneTime2,dcV5FHwN
PruebaOneTime3,FXHijzMZ
PruebaOneTime4,XbQfEwu7
PruebaOneTime5,TjSRpfX4
PruebaOneTime6,A59S429J
PruebaOneTime7,y9KUpHkA
PruebaOneTime8,WbfDZrrr
PruebaOneTime9,n995rhAa
PruebaOneTime10,gXK3dHzw
PruebaOneTime11,izGB747J
PruebaOneTime12,NVxH3rMj
PruebaOneTime13,BEFHgRqC
PruebaOneTime14,ddqBCiai
PruebaOneTime15,yAQfNKz2
PruebaOneTime16,rV6FTeT3
PruebaOneTime17,WWqeZEgS
PruebaOneTime18,eVKjPbNA
PruebaOneTime19,UAdEY5cf
PruebaOneTime20,wfj4GTps
PruebaOneTime21,chWmvfa6
PruebaOneTime22,DpXwphXD
PruebaOneTime23,d9qaWnuy
PruebaOneTime24,BGq52Q5K
PruebaOneTime25,UKSJicvx
PruebaOneTime26,EuZbSpWt
PruebaOneTime27,rYmn23Ak
PruebaOneTime28,2wXv5FEb
PruebaOneTime29,4Xbe6Ehq
PruebaOneTime30,fvXievPE
PruebaOneTime31,Y9aDVpAV
PruebaOneTime32,gAjePpps
PruebaOneTime33,7na87vRR
PruebaOneTime34,jMRi7xF5
PruebaOneTime35,BrndHEYs
PruebaOneTime36,kTQZZzYn
PruebaOneTime37,mks6RU46
PruebaOneTime38,crh37PZ6
PruebaOneTime39,V8CZY4cS
PruebaOneTime40,raw73VNp
PruebaOneTime41,Ecz2V57c
PruebaOneTime42,WZUxEscU
PruebaOneTime43,W3XfF7VF
PruebaOneTime44,ExGxCHNy
PruebaOneTime45,Dmij2wBP
PruebaOneTime46,VtXP9piF
PruebaOneTime47,8SdiCRfq
PruebaOneTime48,MPVAMEbN
PruebaOneTime49,ts5MBA7j
PruebaOneTime50,424MpScz
PruebaOneTime51,g3bSMj7u
PruebaOneTime52,nAwYvvuM
PruebaOneTime53,wpyfz4HH
PruebaOneTime54,aEQF7wZ2
PruebaOneTime55,DZ59m4xB
PruebaOneTime56,iTRrYTAY
PruebaOneTime57,tVgdwRAG
PruebaOneTime58,iCSuwmek
PruebaOneTime59,E7MVKQra
PruebaOneTime60,BVda9dGQ
PruebaOneTime61,iF33hcaR
PruebaOneTime62,SNg7hMeZ
PruebaOneTime63,hn5EbrcK
PruebaOneTime64,9B6jQFJf
PruebaOneTime65,CTkt56XC
PruebaOneTime66,YCHNF5hN
PruebaOneTime67,cHYGR5uW
PruebaOneTime68,CNWRYDSk
PruebaOneTime69,B93sTK9a
PruebaOneTime70,WxCuhGW8
PruebaOneTime71,Wr7niHjM
PruebaOneTime72,xzyJ8c7b
PruebaOneTime73,9uUsQwpN
PruebaOneTime74,r8CqtVPp
PruebaOneTime75,VhD9Uz4i
PruebaOneTime76,tzdW5AxP
PruebaOneTime77,ahX4n6vd
PruebaOneTime78,k2h9N756
PruebaOneTime79,xX8JUs8C
PruebaOneTime80,KvhStNtG
PruebaOneTime81,3vDKFSnr
PruebaOneTime82,NimBuZXz
PruebaOneTime83,Scn9nd7J
PruebaOneTime84,eXEfnr9y
PruebaOneTime85,MJAJt7UY
PruebaOneTime86,KUxm9YUu
PruebaOneTime87,YENCUkzq
PruebaOneTime88,YQT4mTRg
PruebaOneTime89,JufkwzGG
PruebaOneTime90,67mfmUte
PruebaOneTime91,DWqrC2iW
PruebaOneTime92,WcAfuiQm
PruebaOneTime93,gQD89964
PruebaOneTime94,zPTyUgF8
PruebaOneTime95,ShBD7NBh
PruebaOneTime96,5V9e3ZZk
PruebaOneTime97,feXVpzYW
PruebaOneTime98,HrCJkNUf
PruebaOneTime99,Sirp7ZXj